fold,regime,lstm_ece,lstm_brier,lstm_acc,xgb_ece,xgb_brier,xgb_acc,tf_ece,tf_brier,tf_acc
Fold 1,Recov,0.1586242643269625,0.262706474934113,0.4025974025974026,0.0287,0.2499,0.4510869565217391,0.154,0.259,0.474025974025974
Fold 2,Peak,0.080731354750596,0.2576018150345182,0.474025974025974,0.0276,0.25,0.4891304347826087,0.155,0.259,0.4675324675324675
Fold 3,Crash,0.0938865168915166,0.2567384795049011,0.525974025974026,0.0331,0.2502,0.5380434782608695,0.053,0.259,0.5324675324675324
Fold 4,Recov,0.0647318957300929,0.2562498541309234,0.5,0.0293,0.2501,0.4891304347826087,0.082,0.259,0.5
Fold 5,Bull,0.0429330623071444,0.2504803326193425,0.5394736842105263,0.0345,0.2478,0.5384615384615384,0.157,0.259,0.4671052631578947
Fold 6,Bull,0.091827502498379,0.2541416543514578,0.474025974025974,0.0338,0.25,0.5271739130434783,0.042,0.259,0.5194805194805194
Fold 7,Bull,0.0452504424464623,0.2501965519421179,0.4834437086092715,0.0321,0.2492,0.4530386740331492,0.067,0.259,0.4635761589403973
Fold 8,Bear,0.029653505071417,0.2486763401504809,0.525974025974026,0.0227,0.2474,0.5108695652173914,0.071,0.259,0.512987012987013
