fold,regime,reg_bin_sharpe,reg_bin_trades,reg_cont_sharpe,reg_cont_trades,lstm_bin_sharpe,lstm_bin_trades,lstm_cont_sharpe,lstm_cont_trades,hyb_bin_sharpe,hyb_bin_trades,hyb_cont_sharpe,hyb_cont_trades
Fold 1,Recov,3.129942182715952,3,3.1342572482028697,7,2.816806430089081,18,2.959973346611596,20,3.514279523004814,3,3.581312186897476,22
Fold 2,Peak,0.06311265360109627,6,0.06311265360109627,6,1.3515108564373561,30,1.9083926460305793,1,0.0,0,2.521112052273795,8
Fold 3,Crash,-2.282887431024442,9,-2.309853212882481,15,-2.1529107048580127,58,-0.18370655814158618,3,0.0,0,1.319488716570693,12
Fold 4,Recov,2.0420855428665456,3,2.103636432457967,10,1.3936779955005947,7,1.3848916014645951,40,1.3975657346211818,9,2.5771896928084113,9
Fold 5,Bull,0.14874409091989443,10,0.21272116497645996,20,0.3717944417687737,84,1.7019021053363863,1,2.3647080771807523,6,2.347017663680101,10
Fold 6,Bull,0.8481697441771501,7,0.869444638830493,8,0.9512267701921198,67,1.8294554197636537,1,1.829456612403257,1,2.1249091530139124,9
Fold 7,Bull,0.8264391611855029,5,0.8394063398062487,23,0.2025054144448012,86,0.6177899569459196,1,0.6177975818768054,1,1.7495461402912178,6
Fold 8,Bear,-0.5157587355003189,6,-0.5468075625930864,36,0.018806396922019505,78,-0.9562429024089492,1,-0.9562443795493322,1,1.5323305727922736,8
