fold,regime,bh_sharpe,bh_return,sma_sharpe,sma_trades,regime_sharpe,regime_trades,lstm_sharpe,lstm_trades,lstm_return,hybrid_sharpe,hybrid_trades,hybrid_return,improvement
Fold 1,Recov,3.7975902640793127,2.1737526523885555,3.095052215990897,3,1.254160649951037,27,2.849397784422943,4,0.5787394046783447,3.2743632151532425,9,0.980222225189209,0.4249654307302997
Fold 2,Peak,0.9814627261221973,0.32149942752514593,0.42241572593469695,4,1.3463687558476278,24,2.204750626822259,16,0.41804468631744385,2.4255986267245846,6,0.8091011047363281,0.2208479999023254
Fold 3,Crash,-0.2970108167313087,-0.1636226524193114,-1.59458825524526,5,0.6129128800887798,30,0.011113749300494118,9,-0.013706743717193604,0.33590935478416145,9,0.029736995697021484,0.3247956054836673
Fold 4,Recov,1.5739130033164443,0.38677833465946465,1.9584353572145627,3,-0.25434144270864434,31,-0.20448337998195218,6,-0.02107483148574829,1.4882945343082983,20,0.1647707223892212,1.6927779142902504
Fold 5,Bull,1.4249468333366047,0.4829766528909527,0.41425684563968285,6,-0.23642481810222143,32,1.7257798795511674,3,0.5352246761322021,2.6745554575718127,18,0.7375164031982422,0.9487755780206453
Fold 6,Bull,1.4779717310990983,0.49061501199219615,1.07563065967016,3,0.26113972222160586,31,-0.3795057984022275,17,-0.07390302419662476,1.2479332849898717,17,0.24923574924468994,1.627439083392099
Fold 7,Bull,0.6822657793386918,0.14670081730337525,0.6549930854012719,6,0.6364707175560849,26,0.9960179114969802,9,0.20267796516418457,0.889808616461105,8,0.1716773509979248,-0.10620929503587517
Fold 8,Bear,-0.7776825112251361,-0.18319361286387403,0.17010645402370744,4,0.6246139667942983,26,-0.8663073629067995,20,-0.1296655535697937,-0.1757250415531555,12,-0.025061368942260742,0.6905823213536441
