fold,regime,sma,bh,regime_sharpe,regime_trades,lstm_sharpe,lstm_trades,hybrid_sharpe,hybrid_trades
Fold 1,Recov,3.095052215990897,3.797590178442972,3.129942182715952,3,2.8493977168212283,4,3.2743633078252983,9
Fold 2,Peak,0.42241572593469695,0.9814627078040604,0.06311265360109627,6,2.2047506032501305,16,2.425598681739476,6
Fold 3,Crash,-1.59458825524526,-0.297010810290578,-2.282887431024442,9,0.01111374918717192,9,0.33590936262061116,9
Fold 4,Recov,1.9584353572145627,1.5739129535471035,2.0420855428665456,3,-0.20448333125075913,6,1.4882944768821287,20
Fold 5,Bull,0.41425684563968285,1.4249468020668008,0.14874409091989443,10,1.7257798912367368,3,2.6745555182751484,18
Fold 6,Bull,1.07563065967016,1.4779716969522467,0.8481697441771501,7,-0.37950578578134603,17,1.2479333001867978,17
Fold 7,Bull,0.6549930854012719,0.6822657618900881,0.8264391611855029,5,0.9960179224540531,9,0.8898086411789449,8
Fold 8,Bear,0.17010645402370744,-0.7776824851761344,-0.5157587355003189,6,-0.8663073356938219,20,-0.17572503578746315,12
