{"mean": 0.7920954287779243, "std": 1.355807042169581}