fold,regime,bh_sharpe,lstm_sharpe,lstm_trades,hybrid_sharpe,hybrid_trades,improvement
TF 1,Recov,2.951755794683737,1.213631961176404,12,3.4198270351215716,9,2.2061950739451675
TF 2,Peak,2.338923328093112,0.12291023613014117,12,3.048009981505788,6,2.925099745375647
TF 3,Crash,-2.2231678409575464,-2.0576973813336252,9,0.8870583188006625,4,2.9447557001342877
TF 4,Recov,-0.18183056676405054,-2.205038511959033,5,-0.2516866207032449,5,1.9533518912557881
TF 5,Bull,0.01784022517277348,-0.8484657057705002,11,0.33654541144517447,5,1.1850111172156748
TF 6,Bull,2.903238289119504,1.2048268926887755,8,3.40989160502652,5,2.2050647123377445
TF 7,Bull,-0.30895111333197917,-0.13202685341740655,4,1.6171281069510768,9,1.7491549603684833
TF 8,Bear,2.6234945664233478,0.8720268051864313,2,2.3169135876984956,7,1.4448867825120644
